Week_Ending,DXY_NonComm_Long,DXY_NonComm_Short,DXY_NonComm_Net,DXY_Comm_Long,DXY_Comm_Short,DXY_Comm_Net,Gold_NonComm_Long,Gold_NonComm_Short,Gold_NonComm_Net,Gold_Comm_Long,Gold_Comm_Short,Gold_Comm_Net,Oil_NonComm_Long,Oil_NonComm_Short,Oil_NonComm_Net,Oil_Comm_Long,Oil_Comm_Short,Oil_Comm_Net
2026-06-17,52000,34000,=B2-C2,38000,42000,=E2-F2,245000,52000,=H2-I2,68000,195000,=K2-L2,380000,215000,=N2-O2,290000,350000,=Q2-R2
,,,,,,,,,,,,,,,,,,
"COT INDEX CALCULATIONS (156-week lookback = 3 years):",,,,,,,,,,,,,,,,,,
,,,,,,,,,,,,,,,,,,
"DXY Non-Comm COT Index:",="=(D2-MIN(D2:D157))/(MAX(D2:D157)-MIN(D2:D157))*100",,,,,,,,,,,,,,,,
"DXY Comm COT Index:",="=(G2-MIN(G2:G157))/(MAX(G2:G157)-MIN(G2:G157))*100",,,,,,,,,,,,,,,,
"Gold Non-Comm COT Index:",="=(J2-MIN(J2:J157))/(MAX(J2:J157)-MIN(J2:J157))*100",,,,,,,,,,,,,,,,
"Gold Comm COT Index:",="=(M2-MIN(M2:M157))/(MAX(M2:M157)-MIN(M2:M157))*100",,,,,,,,,,,,,,,,
"Oil Non-Comm COT Index:",="=(P2-MIN(P2:P157))/(MAX(P2:P157)-MIN(P2:P157))*100",,,,,,,,,,,,,,,,
"Oil Comm COT Index:",="=(S2-MIN(S2:S157))/(MAX(S2:S157)-MIN(S2:S157))*100",,,,,,,,,,,,,,,,
,,,,,,,,,,,,,,,,,,
"COT INDEX INTERPRETATION:",,,,,,,,,,,,,,,,,,
"DXY NonComm Signal:",=IF(B5>80,"EXTREME LONG (Bearish)",IF(B5>60,"Moderate Long (Neutral)",IF(B5<20,"EXTREME SHORT (Bullish)","Moderate Short (Neutral)"))),,,,,,,,,,,,,,,,
"Gold NonComm Signal:",=IF(B7>80,"EXTREME LONG (Bearish)",IF(B7>60,"Moderate Long (Neutral)",IF(B7<20,"EXTREME SHORT (Bullish)","Moderate Short (Neutral)"))),,,,,,,,,,,,,,,,
"Oil NonComm Signal:",=IF(B9>80,"EXTREME LONG (Bearish)",IF(B9>60,"Moderate Long (Neutral)",IF(B9<20,"EXTREME SHORT (Bullish)","Moderate Short (Neutral)"))),,,,,,,,,,,,,,,,
,,,,,,,,,,,,,,,,,,
"DIVERGENCE DETECTION (Comm vs NonComm):",,,,,,,,,,,,,,,,,,
"DXY Divergence:",=IF(AND(B5<20,B6>60),"BULLISH: Specs short + Comms buying",IF(AND(B5>80,B6<40),"BEARISH: Specs long + Comms selling","No extreme divergence")),,,,,,,,,,,,,,,
"Gold Divergence:",=IF(AND(B7<20,B8>60),"BULLISH: Specs short + Comms buying",IF(AND(B7>80,B8<40),"BEARISH: Specs long + Comms selling","No extreme divergence")),,,,,,,,,,,,,,,
"Oil Divergence:",=IF(AND(B9<20,B10>60),"BULLISH: Specs short + Comms buying",IF(AND(B9>80,B10<40),"BEARISH: Specs long + Comms selling","No extreme divergence")),,,,,,,,,,,,,,,
