Date,DXY_Close,Gold_Close,Oil_Close,Copper_Close,SPX_Close,US10Y_Yield,DXY_LogReturn,Gold_LogReturn,Oil_LogReturn,Copper_LogReturn,SPX_LogReturn
2026-06-18,100.67,4246.72,76.82,4.85,5920,4.45,=LN(B3/B2),=LN(C3/C2),=LN(D3/D2),=LN(E3/E2),=LN(F3/F2)
,,,,,,,,,,
"FORMULAS (paste these below your data):",,,,,,,,,,
,,,,,,,,,,
"Rolling 60-day Correlations:",,,,,,,,,,
"ρ(DXY,Gold) 60d:",=CORREL(H3:H62,I3:I62),,,,,,,,
"ρ(DXY,Oil) 60d:",=CORREL(H3:H62,J3:J62),,,,,,,,
"ρ(Gold,Oil) 60d:",=CORREL(I3:I62,J3:J62),,,,,,,,
"ρ(Gold,Copper) 60d:",=CORREL(I3:I62,K3:K62),,,,,,,,
,,,,,,,,,,
"Correlation Velocity (current - 4 weeks ago):",,,,,,,,,,
"Δρ(DXY,Gold):",=CORREL(H32:H62,I32:I62)-CORREL(H3:H33,I3:I33),,,,,,,,
"Δρ(DXY,Oil):",=CORREL(H32:H62,J32:J62)-CORREL(H3:H33,J3:J33),,,,,,,,
"Δρ(Gold,Oil):",=CORREL(I32:I62,J32:J62)-CORREL(I3:I33,J3:J33),,,,,,,,
"Δρ(Gold,Copper):",=CORREL(I32:I62,K32:K62)-CORREL(I3:I33,K3:K33),,,,,,,,
,,,,,,,,,,
"BREAKDOWN DETECTION:",,,,,,,,,,
"DXY-Gold Breakdown?",=IF(ABS(CORREL(H3:H62,I3:I62))<0.3,"BREAKDOWN","NORMAL"),,,,,,,,
"DXY-Oil Breakdown?",=IF(ABS(CORREL(H3:H62,J3:J62))<0.1,"BREAKDOWN","NORMAL"),,,,,,,,
"Gold-Oil Breakdown?",=IF(CORREL(I3:I62,J3:J62)<0,"BREAKDOWN","NORMAL"),,,,,,,,
"Multi-Pair Breakdowns:",=COUNTIF(B22:B24,"BREAKDOWN"),,,,,,,,
"Regime Transition Alert:",=IF(B25>=2,"YES","NO"),,,,,,,,
